City_ID,City,Lat,Lng,Max Temp,Humidity,Cloudiness,Wind Speed,Country,Date
0,yellowknife,62.456,-114.3525,-2.71,100,100,0.0,CA,1669080393
1,thompson,55.7435,-97.8558,-6.91,86,100,3.6,CA,1669080393
2,bredasdorp,-34.5322,20.0403,15.15,75,92,0.62,ZA,1669080394
3,leningradskiy,69.3833,178.4167,-24.34,90,97,6.38,RU,1669080234
4,saint-philippe,-21.3585,55.7679,21.77,84,53,1.71,RE,1669080394
5,albany,42.6001,-73.9662,3.18,47,76,3.62,US,1669080395
6,avera,33.194,-82.5271,8.73,35,95,2.37,US,1669080395
7,nikolskoye,59.7035,30.7861,-7.06,91,100,2.09,RU,1669080395
8,souillac,-20.5167,57.5167,21.21,88,40,2.57,MU,1669080396
9,hithadhoo,-0.6,73.0833,26.81,78,13,4.59,MV,1669080397
10,ottawa,45.4112,-75.6981,4.02,64,100,10.29,CA,1669079744
11,jamestown,42.097,-79.2353,5.77,50,40,4.63,US,1669080226
12,kuala terengganu,5.3302,103.1408,26.97,89,20,2.06,MY,1669080397
13,arraial do cabo,-22.9661,-42.0278,23.2,87,13,9.73,BR,1669080398
14,stromness,58.965,-3.296,5.49,84,100,8.49,GB,1669080398
15,busselton,-33.65,115.3333,22.0,42,5,4.89,AU,1669080399
16,vaini,-21.2,-175.2,29.09,70,20,3.6,TO,1669080399
17,upernavik,72.7868,-56.1549,-13.23,99,64,3.46,GL,1669080399
18,kodiak,57.79,-152.4072,4.73,93,75,0.0,US,1669080400
19,bouillante,16.1304,-61.7692,22.57,81,73,6.6,GP,1669080400
20,bluff,-46.6,168.3333,13.22,86,100,2.98,NZ,1669080400
21,dunmore town,25.5,-76.65,26.92,76,30,6.02,BS,1669080401
22,arlit,18.7369,7.3853,22.72,12,100,2.74,NE,1669080262
23,dikson,73.5069,80.5464,-31.09,98,32,2.77,RU,1669080402
24,menongue,-14.6585,17.691,19.29,68,91,0.75,AO,1669080340
25,tabou,4.423,-7.3528,25.35,86,3,3.04,CI,1669080402
26,mount gambier,-37.8333,140.7667,15.03,65,98,6.41,AU,1669080402
27,rawson,-43.3002,-65.1023,13.93,49,13,10.57,AR,1669080135
28,chuy,-33.6971,-53.4616,19.36,95,100,4.4,UY,1669080403
29,victoria,22.2855,114.1577,24.62,84,100,4.92,HK,1669080403
30,dudinka,69.4058,86.1778,-30.77,99,100,0.85,RU,1669080404
31,rikitea,-23.1203,-134.9692,22.8,86,100,7.65,PF,1669080404
32,punta arenas,-53.15,-70.9167,11.06,76,40,10.29,CL,1669080394
33,kirakira,-10.4544,161.9205,30.44,61,3,2.79,SB,1669080311
34,hermanus,-34.4187,19.2345,16.0,73,97,1.5,ZA,1669080405
35,esperance,-33.8667,121.9,17.43,54,0,4.23,AU,1669080405
36,iralaya,15.0,-83.2333,26.02,84,100,4.48,HN,1669080406
37,ushuaia,-54.8,-68.3,12.81,54,20,5.66,AR,1669080406
38,hobart,-42.8794,147.3294,14.92,51,75,7.72,AU,1669080256
39,piracanjuba,-17.3028,-49.0167,20.82,70,96,2.14,BR,1669080407
40,bonavista,48.6499,-53.1147,-0.54,71,100,16.57,CA,1669080407
41,saldanha,-33.0117,17.9442,16.03,86,100,4.71,ZA,1669080226
42,butaritari,3.0707,172.7902,27.4,79,14,6.27,KI,1669080408
43,sistranda,63.7256,8.834,-2.02,61,100,11.62,NO,1669080408
44,lavrentiya,65.5833,-171.0,-11.84,73,100,8.47,RU,1669080409
45,cidreira,-30.1811,-50.2056,21.52,91,100,6.26,BR,1669080409
46,heishan,41.6892,122.1128,1.5,47,100,0.85,CN,1669080410
47,ketchikan,55.3422,-131.6461,8.26,93,100,6.69,US,1669080410
48,labytnangi,66.6572,66.4183,-24.34,92,6,2.1,RU,1669080201
49,barrow,71.2906,-156.7887,-7.99,73,100,10.29,US,1669080411
50,funadhoo,6.15,73.2667,27.66,61,37,5.29,MV,1669080412
51,chokurdakh,70.6333,147.9167,-32.98,100,98,0.83,RU,1669080412
52,nyurba,63.2842,118.3319,-27.86,99,100,0.79,RU,1669080412
53,miranda,3.2499,-76.2281,23.07,95,75,1.17,CO,1669080413
54,poum,-20.2333,164.0167,27.17,82,7,5.93,NC,1669080413
55,tasiilaq,65.6145,-37.6368,6.09,83,100,6.91,GL,1669080414
56,sorland,67.667,12.6934,5.92,67,6,4.95,NO,1669080135
57,pevek,69.7008,170.3133,-26.67,98,100,3.82,RU,1669080415
58,tuktoyaktuk,69.4541,-133.0374,-10.0,92,100,1.03,CA,1669080415
59,macas,-2.3167,-78.1167,20.46,98,69,1.2,EC,1669080416
60,kutum,14.2,24.6667,16.95,23,1,3.29,SD,1669080417
61,ust-ishim,57.6935,71.1665,-8.84,93,100,4.08,RU,1669080417
62,bengkulu,-3.8004,102.2655,25.19,81,69,1.65,ID,1669080417
63,port lincoln,-34.7333,135.8667,15.51,57,94,5.22,AU,1669080418
64,sur,22.5667,59.5289,23.56,68,2,1.72,OM,1669080418
65,galveston,29.3669,-94.9669,8.43,88,100,0.45,US,1669080419
66,castro,-24.7911,-50.0119,17.28,77,100,1.26,BR,1669080419
67,henties bay,-22.116,14.2845,16.27,83,1,1.32,NA,1669080167
68,port elizabeth,-33.918,25.5701,18.39,86,20,6.69,ZA,1669080420
69,baoning,25.3378,110.026,19.92,100,100,1.0,CN,1669080420
70,kulhudhuffushi,6.6221,73.07,27.6,60,31,4.34,MV,1669080421
71,gobabis,-22.45,18.9667,20.08,52,92,7.67,NA,1669080421
72,leshukonskoye,64.8989,45.7622,-4.11,99,100,1.29,RU,1669080421
73,namibe,-15.1961,12.1522,21.92,84,80,0.64,AO,1669080422
74,hvide sande,56.0045,8.1294,1.92,87,89,8.56,DK,1669080422
75,mongo,12.1844,18.693,22.06,17,100,2.53,TD,1669080422
76,ruteng,-8.6136,120.4721,23.61,62,92,0.55,ID,1669080423
77,chimbote,-9.0853,-78.5783,17.94,86,36,3.26,PE,1669080424
78,san policarpo,12.1791,125.5072,27.87,84,29,4.65,PH,1669080424
79,cape town,-33.9258,18.4232,18.23,68,0,5.14,ZA,1669080397
80,norman wells,65.282,-126.8329,-8.98,92,20,2.57,CA,1669080425
81,carnarvon,-24.8667,113.6333,26.92,50,41,5.1,AU,1669080177
82,mar del plata,-38.0023,-57.5575,14.41,92,100,4.92,AR,1669080399
83,la ronge,55.1001,-105.2842,-1.86,80,100,3.09,CA,1669080426
84,tuatapere,-46.1333,167.6833,12.58,88,100,2.58,NZ,1669080427
85,florsheim,50.0167,8.4333,7.55,97,75,3.09,DE,1669080427
86,vieste,41.8825,16.175,14.68,65,100,6.8,IT,1669080410
87,mataura,-46.1927,168.8643,13.04,93,99,1.77,NZ,1669080428
88,yagodnoye,62.55,149.6667,-19.94,97,100,1.66,RU,1669080429
89,camacha,33.0833,-16.3333,17.68,77,20,2.06,PT,1669080429
90,mahebourg,-20.4081,57.7,22.92,88,40,2.57,MU,1669080430
91,ancud,-41.8697,-73.8203,10.82,85,24,1.37,CL,1669080430
92,kiruna,67.8557,20.2251,-18.49,85,3,2.57,SE,1669080431
93,aljezur,37.3191,-8.8033,15.6,85,100,4.66,PT,1669080431
94,megion,61.0296,76.1136,-11.99,97,80,4.89,RU,1669080432
95,atuona,-9.8,-139.0333,25.56,67,2,6.9,PF,1669080432
96,ingham,42.6,-84.3833,-0.21,80,0,2.06,US,1669080433
97,preobrazheniye,42.9019,133.9064,0.5,41,0,2.95,RU,1669080433
98,new norfolk,-42.7826,147.0587,14.72,51,47,5.36,AU,1669080223
99,hilo,19.7297,-155.09,26.85,68,40,3.6,US,1669080334
100,tala,30.6803,30.9429,16.98,88,100,2.54,EG,1669080434
101,nuuk,64.1835,-51.7216,-6.18,79,97,0.89,GL,1669080254
102,aklavik,68.2191,-135.0107,-16.3,98,100,1.37,CA,1669080436
103,grindavik,63.8424,-22.4338,7.26,87,75,12.86,IS,1669080436
104,jiuquan,39.7432,98.5174,2.22,38,97,3.06,CN,1669080436
105,pietarsaari,63.65,22.6833,-3.39,82,100,3.77,FI,1669080438
106,talnakh,69.4865,88.3972,-31.0,95,100,0.22,RU,1669080438
107,yulara,-25.2406,130.9889,24.15,23,100,7.04,AU,1669080439
108,okhotsk,59.3833,143.3,-8.07,75,100,6.65,RU,1669080439
109,haines junction,60.7522,-137.5108,-1.03,100,100,0.0,CA,1669080161
110,santiago del estero,-27.7951,-64.2615,18.7,54,0,1.17,AR,1669080440
111,codrington,-38.2667,141.9667,15.08,71,23,9.85,AU,1669080440
112,petropavlovsk-kamchatskiy,53.0452,158.6483,-1.67,86,75,3.0,RU,1669080441
113,avarua,-21.2078,-159.775,26.03,61,75,7.2,CK,1669080441
114,khatanga,71.9667,102.5,-39.33,100,86,0.33,RU,1669080442
115,kumluca,36.3703,30.2869,17.81,69,100,1.6,TR,1669080442
116,saskylakh,71.9167,114.0833,-37.2,100,43,1.86,RU,1669080443
117,redlands,34.0556,-117.1825,18.53,19,75,2.57,US,1669080443
118,farafangana,-22.8167,47.8333,22.06,70,98,2.99,MG,1669080443
119,arrecife,28.963,-13.5477,20.99,73,75,5.66,ES,1669080444
120,kapaa,22.0752,-159.319,28.99,67,40,8.75,US,1669080444
121,nome,64.5011,-165.4064,-2.96,93,100,1.54,US,1669080382
122,caravelas,-17.7125,-39.2481,22.33,91,100,3.1,BR,1669080445
123,la palma,33.8464,-118.0467,21.49,34,0,4.12,US,1669080446
124,torbay,47.6666,-52.7314,-0.24,71,40,13.89,CA,1669080446
125,jiaojiang,28.6803,121.4428,18.33,91,100,1.63,CN,1669080447
126,mananara,-16.1667,49.7667,22.69,92,99,0.77,MG,1669080447
127,cabo san lucas,22.8909,-109.9124,24.17,67,0,1.54,MX,1669080245
128,sitka,57.0531,-135.33,7.94,87,100,3.6,US,1669080254
129,bulungu,-4.55,18.6,20.44,97,100,0.3,CD,1669080448
130,pangkalanbuun,-2.6833,111.6167,27.78,78,100,0.39,ID,1669080449
131,high level,58.5169,-117.136,-2.94,86,0,2.57,CA,1669080449
132,puerto ayora,-0.7393,-90.3518,20.31,100,55,1.34,EC,1669080450
133,bathsheba,13.2167,-59.5167,27.34,78,40,12.35,BB,1669080450
134,zhuhai,22.2769,113.5678,23.88,88,40,6.17,CN,1669080451
135,batemans bay,-35.7167,150.1833,18.94,30,85,1.84,AU,1669080263
136,lagoa,39.05,-27.9833,18.05,90,100,13.79,PT,1669080451
137,paita,-5.0892,-81.1144,18.08,85,92,4.86,PE,1669080452
138,walvis bay,-22.9575,14.5053,15.61,78,5,3.48,NA,1669080452
139,iqaluit,63.7506,-68.5145,-12.15,85,20,1.03,CA,1669080453
140,anadyr,64.75,177.4833,-24.72,70,0,7.0,RU,1669080453
141,vao,-22.6667,167.4833,25.43,85,0,5.53,NC,1669080454
142,rize,40.9044,40.8949,7.16,42,100,5.04,TR,1669080454
143,padang,-0.9492,100.3543,26.03,77,92,1.24,ID,1669080455
144,bilma,18.6853,12.9164,18.85,24,40,5.27,NE,1669080455
145,whyalla,-33.0333,137.5833,16.17,54,87,4.08,AU,1669080264
146,takoradi,4.8845,-1.7554,25.45,86,10,2.86,GH,1669080177
147,oranjemund,-28.55,16.4333,15.32,87,44,3.24,NA,1669080457
148,chifeng,42.2683,118.9636,2.06,41,85,1.54,CN,1669080457
149,waipawa,-41.4122,175.5153,19.68,38,0,5.9,NZ,1669080458
150,smidovich,48.6,133.8167,-10.23,76,5,4.55,RU,1669080458
151,adre,13.4667,22.2,19.13,20,52,4.73,TD,1669080459
152,erdenet,49.0333,104.0833,-11.3,91,43,1.46,MN,1669080459
153,davydovo,55.6097,38.8569,-4.1,93,100,3.99,RU,1669080460
154,launceston,-41.45,147.1667,17.8,45,75,8.75,AU,1669080334
155,pacific grove,36.6177,-121.9166,17.23,52,0,3.13,US,1669080460
156,longyearbyen,78.2186,15.6401,1.91,80,75,3.6,SJ,1669080461
157,fare,-16.7,-151.0167,25.97,78,21,7.18,PF,1669080461
158,kysyl-syr,63.8986,122.7617,-32.18,100,100,0.82,RU,1669080462
159,krasnoselkup,65.7,82.4667,-28.51,93,21,4.98,RU,1669080462
160,kizema,61.113,44.8302,-13.73,97,28,0.21,RU,1669080462
161,isangel,-19.55,169.2667,29.35,68,15,5.09,VU,1669080463
162,clyde river,70.4692,-68.5914,-17.87,65,0,10.29,CA,1669080463
163,sibiti,-3.6819,13.3499,19.1,99,94,0.4,CG,1669080463
164,almaznyy,48.0448,40.045,11.84,81,100,2.67,RU,1669080464
165,saint-joseph,-21.3667,55.6167,21.21,83,79,0.57,RE,1669080464
166,teguldet,57.3064,88.1667,-12.0,85,100,3.9,RU,1669080465
167,bambous virieux,-20.3428,57.7575,22.9,88,40,2.57,MU,1669080465
168,winfield,37.2398,-96.9956,7.45,70,0,0.0,US,1669080466
169,kralendijk,12.15,-68.2667,26.99,78,20,6.17,BQ,1669080466
170,soyo,-6.1349,12.3689,24.3,86,100,1.34,AO,1669080467
171,pochutla,15.7432,-96.4661,24.9,89,14,1.52,MX,1669080467
172,vila velha,-20.3297,-40.2925,20.97,97,100,1.54,BR,1669080468
173,taltal,-25.4,-70.4833,16.03,85,45,0.41,CL,1669080021
174,faanui,-16.4833,-151.75,26.16,77,24,7.2,PF,1669080223
175,granadilla de abona,28.1188,-16.576,17.67,69,0,5.66,ES,1669080469
176,coihaique,-45.5752,-72.0662,11.34,82,100,3.6,CL,1669080469
177,vila franca do campo,37.7167,-25.4333,19.23,91,86,6.72,PT,1669080469
178,daru,-9.0763,143.2092,30.02,69,97,2.17,PG,1669080470
179,kahului,20.8947,-156.47,27.01,70,40,6.69,US,1669080202
180,san vicente de canete,-13.0751,-76.3835,18.64,85,73,1.41,PE,1669080181
181,kalachinsk,55.0529,74.5751,-10.84,89,100,5.84,RU,1669080471
182,safranbolu,41.2508,32.6942,11.35,80,100,1.19,TR,1669080405
183,sultanpur,26.2667,82.0667,15.65,55,3,2.51,IN,1669080471
184,ovalle,-30.5983,-71.2003,19.98,53,0,1.44,CL,1669079952
185,kaupanger,61.1845,7.2404,-2.53,74,83,1.73,NO,1669080472
186,quatre cocos,-20.2078,57.7625,22.83,78,13,2.38,MU,1669080472
187,bollnas,61.3482,16.3946,-2.95,99,97,1.68,SE,1669080473
188,vilhena,-12.7406,-60.1458,19.01,99,100,2.41,BR,1669080426
189,san patricio,28.017,-97.5169,9.35,89,100,4.8,US,1669080473
190,port alfred,-33.5906,26.891,19.54,89,100,1.34,ZA,1669080474
191,airai,-8.9266,125.4092,18.89,85,100,0.65,TL,1669080474
192,punta alta,-38.8759,-62.0736,13.08,73,0,4.06,AR,1669080475
193,vyshkov,52.4764,31.6873,1.49,99,100,2.33,RU,1669080475
194,chernyshevskiy,63.0128,112.4714,-21.99,99,100,0.58,RU,1669080476
195,nanortalik,60.1432,-45.2371,-3.62,80,97,4.24,GL,1669080476
196,west bay,19.3667,-81.4167,28.04,80,20,2.57,KY,1669080476
197,egvekinot,66.3167,-179.1667,-27.67,83,15,5.07,RU,1669080477
198,svetlaya,46.5389,138.3297,-3.38,45,0,3.32,RU,1669080477
199,scarborough,54.2797,-0.4044,7.87,91,100,3.58,GB,1669080303
200,yerbogachen,61.2767,108.0108,-23.42,100,100,0.8,RU,1669080478
201,nemuro,43.3236,145.575,6.44,74,91,10.61,JP,1669080479
202,fairbanks,64.8378,-147.7164,-9.02,88,40,0.0,US,1669080479
203,paonta sahib,30.45,77.6167,14.56,42,0,2.23,IN,1669080479
204,buala,-8.145,159.5921,30.02,60,0,3.98,SB,1669080266
205,syracuse,37.0881,15.2792,14.62,64,100,7.42,IT,1669080394
206,emerald,-23.5333,148.1667,29.63,25,16,7.76,AU,1669080480
207,taoudenni,22.6783,-3.9836,17.61,26,98,5.38,ML,1669080481
208,rio das pedras,-22.8433,-47.6061,23.98,54,100,4.15,BR,1669080481
209,pangai,-19.8,-174.35,28.06,65,20,4.63,TO,1669080482
210,sangar,63.9242,127.4739,-31.26,98,100,1.17,RU,1669080482
211,okha,53.5739,142.9478,-3.67,81,90,5.62,RU,1669080483
212,pangnirtung,66.1451,-65.7125,-18.11,60,94,3.01,CA,1669080483
213,kendari,-3.945,122.4989,25.75,88,100,0.89,ID,1669080484
214,usinsk,65.9939,57.5281,-21.47,96,94,3.25,RU,1669080484
215,aripuana,-9.1667,-60.6333,23.32,91,100,1.02,BR,1669080485
216,karema,-6.8205,30.4389,20.99,89,100,2.56,TZ,1669080485
217,nauta,-4.5061,-73.5757,27.03,74,100,1.18,PE,1669080485
218,saint-pierre,-21.3393,55.4781,21.82,73,0,2.57,RE,1669080486
219,sechura,-5.5569,-80.8222,19.13,75,63,5.27,PE,1669080486
220,zhangjiakou,40.81,114.8794,2.59,42,100,0.72,CN,1669080487
221,mount isa,-20.7333,139.5,28.87,17,40,5.14,AU,1669080487
222,kropotkin,45.4375,40.5756,13.38,58,42,2.7,RU,1669080488
223,preili,56.2944,26.7246,-7.12,97,100,2.48,LV,1669080488
224,zhigansk,66.7697,123.3711,-35.85,100,94,0.87,RU,1669080489
225,laguna,38.421,-121.4238,15.05,50,0,0.0,US,1669080490
226,yar-sale,66.8333,70.8333,-26.06,97,44,5.01,RU,1669080490
227,qaanaaq,77.484,-69.3632,-19.92,77,99,1.86,GL,1669080214
228,port blair,11.6667,92.75,26.02,89,75,1.03,IN,1669080491
229,mataram,-8.5833,116.1167,29.45,72,96,2.92,ID,1669080491
230,bam,29.106,58.357,13.54,31,0,2.94,IR,1669080492
231,butembo,0.15,29.2833,12.85,94,100,1.21,CD,1669080492
232,severo-kurilsk,50.6789,156.125,5.68,88,100,11.08,RU,1669080493
233,jijiga,9.35,42.8,14.61,42,4,5.07,ET,1669080493
234,canalete,8.6761,-76.2042,24.48,91,100,1.24,CO,1669080494
235,kibuye,-2.0597,29.3482,17.51,84,99,0.76,RW,1669080494
236,tura,25.5198,90.2201,15.8,85,13,1.74,IN,1669080495
237,puerto escondido,15.85,-97.0667,28.46,65,75,2.57,MX,1669080414
238,taber,49.8167,-112.1518,2.0,72,8,7.72,CA,1669080495
239,kaitangata,-46.2817,169.8464,16.02,66,100,1.08,NZ,1669080496
240,alamogordo,32.8995,-105.9603,7.0,45,100,2.57,US,1669080496
241,fortuna,40.5982,-124.1573,10.37,90,0,0.0,US,1669080449
242,lebu,-37.6167,-73.65,13.06,73,0,8.82,CL,1669080497
243,warrnambool,-38.3833,142.4833,13.36,80,94,10.3,AU,1669080498
244,salalah,17.0151,54.0924,24.07,68,17,1.2,OM,1669080498
245,east london,-33.0153,27.9116,20.76,86,100,7.3,ZA,1669080498
246,gimli,50.6336,-96.9907,-4.99,74,100,4.63,CA,1669080335
247,yarada,17.65,83.2667,26.18,73,40,4.63,IN,1669080499
248,monrovia,6.3005,-10.7969,25.54,83,18,2.33,LR,1669080286
249,kitui,-1.367,38.0106,17.51,91,100,1.73,KE,1669080500
250,katsuura,35.1333,140.3,17.24,73,86,3.31,JP,1669080501
251,ahipara,-35.1667,173.1667,18.51,95,100,7.65,NZ,1669080501
252,shiyan,32.6475,110.7781,12.16,89,100,0.53,CN,1669080502
253,lorengau,-2.0226,147.2712,30.13,59,77,3.74,PG,1669080503
254,kargasok,59.0556,80.8572,-11.77,94,100,5.3,RU,1669080503
255,necochea,-38.5473,-58.7368,11.53,84,18,5.13,AR,1669080225
256,sobolevo,54.4299,31.8996,-2.86,96,100,6.04,RU,1669080504
257,mikhaylovka,50.06,43.2379,7.66,98,100,2.39,RU,1669080505
258,constitucion,-35.3333,-72.4167,14.83,67,0,6.38,CL,1669080505
259,skelleftea,64.7507,20.9528,-4.8,100,100,2.57,SE,1669080505
260,sao joao da barra,-21.6403,-41.0511,22.77,87,22,5.15,BR,1669080506
261,san cristobal,7.7669,-72.225,20.1,98,98,1.06,VE,1669080346
262,paamiut,61.994,-49.6678,-7.91,88,19,3.44,GL,1669080507
263,riberalta,-10.9833,-66.1,25.97,76,100,0.62,BO,1669080507
264,nanakuli,21.3906,-158.1547,28.97,47,20,9.77,US,1669080508
265,chicama,-7.8447,-79.1469,16.3,79,13,2.1,PE,1669080508
266,georgetown,5.4112,100.3354,28.96,88,20,1.54,MY,1669080509
267,diebougou,10.9667,-3.25,23.06,21,87,2.16,BF,1669080509
268,sao filipe,14.8961,-24.4956,24.76,64,100,5.29,CV,1669080510
269,andenes,69.3143,16.1194,-0.04,86,0,3.6,NO,1669080510
270,ilesha,7.1371,5.2583,22.2,92,8,0.53,NG,1669080511
271,progreso,21.2833,-89.6667,26.06,87,100,3.01,MX,1669080511
272,klaksvik,62.2266,-6.589,5.51,57,96,13.71,FO,1669080512
273,roma,43.2128,-75.4557,5.46,46,100,4.63,US,1669080487
274,golden,39.7555,-105.2211,5.08,48,20,2.06,US,1669080513
275,tottori,35.5,134.2333,15.04,82,75,1.03,JP,1669080466
276,bay roberts,47.5999,-53.2648,0.18,64,16,7.6,CA,1669080513
277,kodinsk,58.6881,99.1844,-27.22,100,41,1.2,RU,1669080514
278,ayan,56.45,138.1667,-11.07,67,96,6.63,RU,1669080514
279,lakatoro,-16.0999,167.4164,29.66,68,13,2.99,VU,1669080514
280,makakilo city,21.3469,-158.0858,28.18,52,20,9.77,US,1669080515
281,tiksi,71.6872,128.8694,-30.37,100,92,1.24,RU,1669080515
282,half moon bay,37.4636,-122.4286,16.34,49,0,3.09,US,1669080516
283,dunedin,-45.8742,170.5036,16.68,62,83,7.34,NZ,1669080516
284,iquique,-20.2208,-70.1431,19.02,79,62,0.32,CL,1669079940
285,wewak,-3.5534,143.6268,29.17,69,27,1.5,PG,1669080517
286,ponta do sol,32.6667,-17.1,20.35,78,7,0.56,PT,1669080517
287,catamarca,-28.4696,-65.7852,18.37,50,3,1.48,AR,1669080518
288,maracai,-22.6106,-50.6672,21.08,80,100,1.65,BR,1669080519
289,puerto carreno,6.189,-67.4859,25.54,80,94,3.86,CO,1669080519
290,bethel,41.3712,-73.414,5.3,43,0,6.17,US,1669080519
291,khandyga,62.6667,135.6,-36.93,100,97,0.84,RU,1669080520
292,adeje,28.1227,-16.726,19.07,68,0,5.66,ES,1669080520
293,eenhana,-17.4667,16.3333,22.14,50,100,3.28,NA,1669080521
294,guerrero negro,27.9769,-114.0611,18.79,50,0,4.37,MX,1669080410
295,nago,26.5881,127.9761,25.25,72,49,4.84,JP,1669080521
296,annau,37.8876,58.516,6.72,81,9,1.03,TM,1669080522
297,vardo,70.3705,31.1107,3.99,81,100,3.6,NO,1669080522
298,the valley,18.217,-63.0578,26.17,75,1,11.56,AI,1669080439
299,srednekolymsk,67.45,153.6833,-36.88,100,69,2.65,RU,1669080523
300,danane,7.2596,-8.155,22.17,80,100,0.23,CI,1669080523
301,puerto baquerizo moreno,-0.9,-89.6,20.64,90,20,5.39,EC,1669080524
302,ribeira grande,38.5167,-28.7,19.87,92,100,8.94,PT,1669080524
303,kautokeino,69.0125,23.0412,-15.85,72,0,1.39,NO,1669080524
304,plettenberg bay,-34.0527,23.3716,15.47,87,93,1.37,ZA,1669080525
305,rawatsar,29.2833,74.3833,16.47,31,0,2.5,IN,1669080525
306,djibo,14.1022,-1.6306,23.14,17,41,4.33,BF,1669080526
307,polson,47.6936,-114.1632,-8.01,92,33,0.8,US,1669080526
308,garowe,8.4054,48.4845,21.17,58,82,4.28,SO,1669080526
309,touros,-5.1989,-35.4608,25.36,73,5,5.53,BR,1669080527
310,price,39.5994,-110.8107,0.62,31,0,3.6,US,1669080527
311,kholodnyy,62.7167,147.95,-19.58,97,100,1.88,RU,1669080528
312,beboto,8.2668,16.939,21.03,35,88,1.82,TD,1669080528
313,grong,64.4654,12.3149,-2.4,72,100,2.76,NO,1669080529
314,marystown,47.1666,-55.1483,-0.21,63,6,12.02,CA,1669080529
315,kormilovka,55.0026,74.1028,-10.98,89,94,5.83,RU,1669080530
316,kibala,9.1104,18.3463,17.97,94,0,0.0,TD,1669080530
317,xichang,27.8964,102.2634,10.55,77,39,0.73,CN,1669080530
318,laurel,39.0993,-76.8483,7.23,52,0,0.45,US,1669080399
319,brae,60.3964,-1.353,4.84,77,100,12.08,GB,1669080531
320,nouadhibou,20.931,-17.0347,21.99,53,0,6.17,MR,1669080532
321,sioux lookout,50.1001,-91.917,-5.96,73,100,2.06,CA,1669080532
322,mizdah,31.4451,12.9801,8.12,48,0,3.27,LY,1669080533
323,erzin,36.9559,36.2,16.55,56,100,3.65,TR,1669080339
324,raduzhnyy,62.0961,77.475,-17.01,97,100,2.02,RU,1669080533
325,saveh,35.0213,50.3566,9.48,42,9,1.0,IR,1669080534
326,saint george,37.1041,-113.5841,9.97,30,0,1.54,US,1669080395
327,thaton,16.9206,97.3714,25.39,88,12,1.18,MM,1669080534
328,jega,12.2175,4.3792,22.62,18,99,4.27,NG,1669080535
329,provideniya,64.3833,-173.3,-9.94,52,100,7.0,RU,1669080535
330,los llanos de aridane,28.6585,-17.9182,18.86,82,75,4.63,ES,1669080536
331,nalut,30.3333,10.85,9.96,43,0,3.78,LY,1669080536
332,mindelo,16.8901,-24.9804,23.75,73,75,9.26,CV,1669080537
333,olafsvik,64.8945,-23.7142,5.21,92,100,10.41,IS,1669080413
334,bitkine,11.9801,18.2138,21.9,17,98,2.92,TD,1669080537
335,kasempa,-13.4584,25.8338,17.6,82,99,1.53,ZM,1669080538
336,sarangani,5.4033,125.4636,28.55,72,17,3.85,PH,1669080538
337,aguimes,27.9054,-15.4461,19.35,73,75,5.14,ES,1669080538
338,zorritos,-3.6805,-80.6782,21.16,74,93,4.75,PE,1669080539
339,basavakalyan,17.8667,76.95,18.21,54,81,3.5,IN,1669080539
340,acapulco,16.8634,-99.8901,27.9,78,0,2.06,MX,1669080540
341,samarai,-10.6167,150.6667,29.85,70,12,6.07,PG,1669080540
342,karasjok,69.4719,25.5112,-14.22,94,11,0.21,NO,1669080541
343,tawang,27.5833,91.8667,3.77,51,0,2.21,IN,1669080541
344,hasaki,35.7333,140.8333,17.38,68,5,4.39,JP,1669080542
345,acarau,-2.8856,-40.12,26.38,78,100,7.46,BR,1669080349
346,barguzin,53.6167,109.6167,-12.25,92,87,1.73,RU,1669080543
347,morant bay,17.8815,-76.4093,27.79,84,100,3.79,JM,1669080543
348,mudgee,-32.5943,149.5871,15.44,45,70,5.47,AU,1669080544
349,christchurch,-43.5333,172.6333,23.56,35,20,3.09,NZ,1669080340
350,kologriv,58.8275,44.3178,-11.08,83,80,1.23,RU,1669080545
351,van wert,40.8695,-84.5841,4.01,53,0,1.54,US,1669080245
352,kamenka,51.3223,42.7678,1.6,99,100,4.04,RU,1669080545
353,villarrica,-25.75,-56.4333,19.24,98,48,0.75,PY,1669080546
354,kalaikunda,22.35,87.25,16.46,51,10,2.57,IN,1669080546
355,deputatskiy,69.3,139.9,-33.8,100,55,0.88,RU,1669080547
356,inongo,-1.95,18.2667,20.49,96,100,1.01,CD,1669080547
357,brooks,50.5834,-111.8851,-5.01,81,94,1.54,CA,1669080548
358,erenhot,43.6475,111.9767,-0.18,47,10,4.93,CN,1669080548
359,kruisfontein,-34.0033,24.7314,17.16,91,100,2.87,ZA,1669080549
360,svencionys,55.15,26.1667,-6.62,96,100,2.03,LT,1669080549
361,baiyin,36.5583,104.2081,2.89,35,1,2.01,CN,1669080550
362,auki,-8.7676,160.7034,30.75,56,4,1.38,SB,1669080550
363,camacari,-12.6975,-38.3242,25.87,90,100,2.08,BR,1669080551
364,tres picos,15.8667,-93.5333,25.5,72,53,3.41,MX,1669080551
365,omis,43.4447,16.6886,11.96,80,100,5.38,HR,1669080552
366,mareeba,-17.0,145.4333,34.13,48,15,1.95,AU,1669080552
367,iskateley,67.6803,53.1512,-10.21,86,100,4.32,RU,1669080553
368,pryazha,61.6926,33.6216,-4.43,97,90,0.93,RU,1669080554
369,vanimo,-2.6741,141.3028,30.13,65,53,1.23,PG,1669080554
370,bireun,5.203,96.7009,26.05,78,100,1.91,ID,1669080555
371,labuhan,-6.8844,112.2051,27.83,73,100,3.53,ID,1669080419
372,hofn,64.2539,-15.2082,6.13,85,100,8.14,IS,1669080556
373,onega,63.9061,38.1404,-7.88,93,69,1.27,RU,1669080556
374,skjervoy,70.0311,20.9714,3.34,45,0,4.67,NO,1669080503
375,enkoping,59.6361,17.0777,0.92,79,99,5.42,SE,1669080557
376,kabwe,-14.4469,28.4464,20.18,69,6,2.76,ZM,1669080557
377,richards bay,-28.783,32.0377,19.66,73,98,5.71,ZA,1669080558
378,amahai,-3.3333,128.9167,29.1,72,100,1.61,ID,1669080337
379,karratha,-20.7377,116.8463,28.48,39,26,11.2,AU,1669080559
380,mosquera,4.7059,-74.2302,14.05,82,40,3.09,CO,1669079973
381,kogon,39.7228,64.5517,8.02,87,0,2.06,UZ,1669080559
382,mayo,38.8876,-76.5119,7.19,58,0,0.89,US,1669080560
383,alofi,-19.0595,-169.9187,26.94,78,75,5.14,NU,1669080560
384,goksun,38.021,36.4973,7.11,86,100,2.38,TR,1669080561
385,lewistown,40.5992,-77.5714,4.38,81,0,0.0,US,1669080561
386,batagay-alyta,67.8006,130.4114,-32.47,93,53,1.9,RU,1669080562
387,orthez,43.4884,-0.7724,9.62,74,100,8.74,FR,1669080562
388,joshimath,30.5667,79.5667,8.1,34,0,2.9,IN,1669080329
389,bereznik,62.8551,42.7072,-11.99,96,36,0.35,RU,1669080563
390,manta,-0.95,-80.7333,20.88,88,40,6.17,EC,1669080564
391,emba,48.8264,58.1442,0.73,100,100,1.42,KZ,1669080564
392,teya,60.3778,92.6267,-22.69,97,100,1.56,RU,1669080565
393,may pen,17.9645,-77.2451,27.56,85,100,2.57,JM,1669080438
394,taicheng,38.731,113.228,3.49,82,100,1.04,CN,1669080566
395,harper,4.375,-7.7169,25.29,86,3,3.39,LR,1669080567
396,hervey bay,-25.2986,152.8535,27.23,36,83,6.26,AU,1669080567
397,waddan,29.1614,16.139,11.76,64,0,0.69,LY,1669080568
398,port hedland,-20.3167,118.5667,29.03,34,40,10.8,AU,1669080380
399,sola,-13.8833,167.55,28.13,72,9,3.8,VU,1669080568
400,buchanan,5.8808,-10.0467,25.2,86,27,2.39,LR,1669080569
401,longhua,23.6137,114.1919,22.55,95,100,0.75,CN,1669080569
402,straumen,63.8709,11.2999,-3.0,63,100,4.7,NO,1669080570
403,hami,42.8,93.45,0.13,58,13,3.37,CN,1669080570
404,hauterive,46.0901,3.4459,7.42,90,83,2.32,FR,1669080571
405,rincon,32.296,-81.2354,14.92,71,75,3.6,US,1669080571
406,les cayes,18.2,-73.75,24.64,78,3,1.11,HT,1669080571
407,mehamn,71.0357,27.8492,1.95,100,100,2.06,NO,1669080572
408,hailar,49.2,119.7,-13.94,83,100,2.52,CN,1669080572
409,bassano,50.7834,-112.4685,2.27,80,100,2.89,CA,1669080573
410,san luis,-33.295,-66.3356,15.0,40,0,4.34,AR,1669080573
411,ilulissat,69.2167,-51.1,-9.99,79,20,0.0,GL,1669080484
412,ayolas,-27.4,-56.9,20.1,96,86,1.17,PY,1669080573
413,biak,-0.9131,122.8766,27.59,76,100,1.65,ID,1669080574
414,spirit river,55.7833,-118.8361,2.24,75,100,4.9,CA,1669080574
415,port-cartier,50.0334,-66.8654,-5.88,94,100,3.43,CA,1669080432
416,port moresby,-9.4431,147.1797,31.68,58,40,5.14,PG,1669080575
417,kurumkan,54.3,110.3,-15.68,92,46,1.69,RU,1669080575
418,praia,14.9215,-23.5087,23.3,83,20,8.23,CV,1669080576
419,terny,50.9833,33.9833,6.71,97,100,5.67,UA,1669080576
420,viedma,-40.8135,-62.9967,10.0,62,0,4.83,AR,1669080577
421,jacksonville,30.3322,-81.6556,17.27,87,100,7.2,US,1669080101
422,nea kallikratia,40.3167,23.0667,12.88,64,0,5.59,GR,1669080577
423,igbo ora,7.4333,3.2833,24.1,90,84,1.24,NG,1669080578
424,ndele,8.4109,20.6473,21.52,33,93,1.58,CF,1669080578
425,solnechnyy,50.7214,136.6319,-8.3,67,31,1.85,RU,1669080579
426,margate,51.3813,1.3862,5.73,80,0,1.79,GB,1669080342
427,belyy yar,53.6039,91.3903,-11.06,78,100,2.0,RU,1669080579
428,antofagasta,-23.65,-70.4,18.6,77,6,0.91,CL,1669080580
429,sabang,5.8933,95.3214,27.26,76,100,7.82,ID,1669080428
430,komsomolskiy,40.4272,71.7189,5.4,93,100,1.03,UZ,1669080580
431,ankpa,7.3706,7.6253,23.13,55,36,1.43,NG,1669080581
432,north platte,41.1239,-100.7654,6.32,30,0,2.68,US,1669080581
433,hambantota,6.1241,81.1185,23.19,100,20,1.54,LK,1669080581
434,milkovo,54.7167,158.6167,-3.26,88,100,0.21,RU,1669080582
435,thinadhoo,0.5333,72.9333,27.23,73,12,5.87,MV,1669080582
436,abu samrah,35.3029,37.1841,15.19,48,100,2.07,SY,1669080582
437,ugoofaaru,5.6667,73.0,27.63,63,35,5.72,MV,1669080583
438,blajel,46.2167,24.3167,2.23,79,100,1.11,RO,1669080583
439,baykalsk,51.5058,104.1469,-8.81,84,68,1.95,RU,1669080584
440,bozoum,6.3193,16.3799,19.84,40,49,1.52,CF,1669080584
441,san joaquin,37.9333,-121.3011,14.52,48,0,0.0,US,1669080584
442,pisco,-13.7,-76.2167,19.03,88,100,2.57,PE,1669080585
443,rio grande,-32.035,-52.0986,23.06,82,100,1.39,BR,1669080585
444,yeppoon,-23.1333,150.7333,28.88,35,94,3.24,AU,1669080587
445,belaya gora,68.5333,146.4167,-33.3,99,100,1.02,RU,1669080587
446,westport,41.1415,-73.3579,6.01,47,0,10.29,US,1669080587
447,yelnya,54.5786,33.1837,-2.96,96,100,6.29,RU,1669080588
448,presidente medici,-11.1753,-61.9014,21.36,98,100,2.76,BR,1669080588
449,boende,-0.2167,20.8667,20.29,99,100,2.11,CD,1669080588
450,skibbereen,51.55,-9.2667,9.5,81,100,16.96,IE,1669080589
451,sungaipenuh,-2.0833,101.3833,21.81,73,89,1.67,ID,1669080589
452,trincomalee,8.5711,81.2335,23.91,88,28,4.34,LK,1669080589
453,shimanovsk,52.0,127.7,-14.72,89,14,1.96,RU,1669080590
454,vostok,46.4856,135.8833,-9.84,72,22,3.71,RU,1669080531
455,marabba,12.35,32.1833,26.44,30,7,4.02,SD,1669080590
456,camalu,30.85,-116.0667,17.37,40,100,1.89,MX,1669080416
457,puebloviejo,10.9938,-74.2844,28.35,83,40,2.57,CO,1669080591
458,korla,41.7597,86.1469,0.14,45,79,0.06,CN,1669080592
459,la rioja,42.25,-2.5,0.88,79,10,4.32,ES,1669080592
460,bubaque,11.2833,-15.8333,28.37,56,3,3.48,GW,1669080593
461,ixtapa,20.7,-105.2,24.01,83,100,0.0,MX,1669080319
462,kot addu,30.4692,70.9671,15.6,36,0,1.16,PK,1669080594
463,eureka,40.8021,-124.1637,10.52,85,99,1.75,US,1669080594
464,piney green,34.716,-77.3202,10.96,86,0,2.06,US,1669080595
465,cuiaba,-15.5961,-56.0967,23.96,88,75,1.03,BR,1669080595
466,asau,46.4333,26.4,-2.49,92,84,2.51,RO,1669080596
467,shellbrook,53.2168,-106.4011,-4.43,94,13,4.06,CA,1669080597
468,faya,18.3851,42.4509,10.29,60,0,1.86,SA,1669080597
469,saravena,6.9538,-71.8752,22.46,91,68,1.3,CO,1669080598
470,severnyy,50.677,36.5532,6.02,100,100,5.0,RU,1669080598
471,pavlovo,55.9686,43.0912,-5.36,96,100,2.99,RU,1669080598
472,aykhal,66.0,111.5,-30.52,100,90,2.37,RU,1669080599
473,heihe,50.2441,127.4902,-15.68,82,7,1.18,CN,1669080599
474,tual,-5.6667,132.75,29.37,69,100,2.6,ID,1669080599
475,nakonde,-9.3421,32.745,16.52,78,57,1.35,ZM,1669080600
476,iwaki,37.05,140.8833,18.34,62,21,2.68,JP,1669080600
477,reyes,-14.3167,-67.3833,22.63,99,100,0.76,BO,1669080601
478,husavik,66.0449,-17.3389,4.89,82,80,5.46,IS,1669080601
479,omboue,-1.5746,9.2618,24.45,90,95,2.42,GA,1669080601
480,saint-leu,-21.15,55.2833,22.46,79,96,1.52,RE,1669080602
481,havre-saint-pierre,50.2334,-63.5986,-2.0,86,100,2.57,CA,1669080603
482,rodrigues alves,-7.738,-72.6509,26.11,75,100,0.97,BR,1669080604
483,port hardy,50.6996,-127.4199,8.1,76,100,8.75,CA,1669080604
484,akureyri,65.6835,-18.0878,6.96,65,40,4.63,IS,1669080605
485,movila miresei,45.2167,27.6,4.18,81,91,0.94,RO,1669080605
486,tomatlan,19.9333,-105.25,24.48,73,89,0.9,MX,1669080606
487,abilene,32.4487,-99.7331,7.16,77,0,4.12,US,1669080416
488,aksarka,66.5606,67.7975,-23.95,95,47,5.36,RU,1669080607
489,adrar,20.5022,-10.0711,17.45,18,0,5.1,MR,1669080608
490,narsaq,60.9167,-46.05,-4.88,88,82,2.33,GL,1669080445
491,mozarlandia,-14.7447,-50.5706,24.13,72,18,2.18,BR,1669080608
492,aylmer,42.7668,-80.983,2.76,75,74,5.16,CA,1669080609
493,beloha,-25.1667,45.05,16.64,71,0,2.06,MG,1669080339
494,zhoucheng,35.9122,116.3117,9.0,89,100,2.3,CN,1669080610
495,ewa beach,21.3156,-158.0072,28.97,52,20,9.77,US,1669080610
496,doha,25.2867,51.5333,20.99,64,0,3.09,QA,1669080524
497,deneysville,-26.8908,28.0971,15.8,65,71,2.75,ZA,1669080611
498,axim,4.8699,-2.2405,25.12,86,2,2.51,GH,1669080612
499,chapais,49.7834,-74.8492,-7.12,89,100,6.91,CA,1669080612
500,ciamis,-7.3257,108.3534,26.37,81,100,1.53,ID,1669080613
501,tazovskiy,67.4667,78.7,-30.34,98,71,3.21,RU,1669080613
502,saint-michel-des-saints,46.6834,-73.9159,-4.48,90,100,7.03,CA,1669080614
503,grand-lahou,5.1367,-5.0242,25.16,86,21,2.54,CI,1669080614
504,donskoye,45.4552,41.9741,13.07,58,76,2.3,RU,1669080615
505,manggar,-2.8833,108.2667,29.22,70,89,3.3,ID,1669080615
506,palmer,42.1584,-72.3287,3.12,47,40,5.14,US,1669080345
507,terrace,54.5163,-128.6035,4.95,93,100,8.75,CA,1669080569
508,de-kastri,51.4667,140.7833,-6.26,77,100,4.19,RU,1669080616
509,ipora,-16.4419,-51.1178,21.89,70,86,0.19,BR,1669080617
510,bandarban,22.1965,92.2262,23.47,74,6,1.24,BD,1669080618
511,ereymentau,51.6199,73.1033,-11.93,97,92,4.51,KZ,1669080619
512,bratsk,56.1325,101.6142,-20.37,88,100,2.65,RU,1669080611
513,putina,-15.4667,-69.4333,8.65,72,100,3.2,PE,1669080619
514,kyshtovka,56.555,76.6271,-11.46,94,100,5.34,RU,1669080620
515,grand-santi,4.25,-54.3833,24.32,78,97,1.14,GF,1669080620
516,qaracala,39.8132,48.9523,13.08,64,92,2.74,AZ,1669080621
517,broome,42.2506,-75.833,2.7,52,0,4.63,US,1669080621
518,tiznit,29.5833,-9.5,15.58,52,0,1.27,MA,1669080418
519,mtimbira,-8.7833,36.35,21.62,93,98,0.32,TZ,1669080622
520,plouzane,48.3833,-4.6167,9.18,78,75,13.89,FR,1669080622
521,outjo,-20.1167,16.15,19.49,44,76,2.89,NA,1669080623
522,college,64.8569,-147.8028,-6.9,88,75,0.0,US,1669080623
523,vanderhoof,54.0166,-124.0198,0.41,94,100,1.81,CA,1669080624
524,am timan,11.0297,20.2827,22.17,22,11,2.98,TD,1669080624
525,vestmannaeyjar,63.4427,-20.2734,7.91,80,100,10.68,IS,1669080625
526,cherskiy,68.75,161.3,-38.18,100,47,1.05,RU,1669080625
527,teahupoo,-17.8333,-149.2667,26.98,80,13,6.42,PF,1669080626
528,krasnoarmeysk,51.0239,45.6969,0.98,100,100,3.34,RU,1669080627
529,opuwo,-18.0607,13.84,20.07,59,81,2.49,NA,1669080627
530,lac du bonnet,50.2536,-96.0612,-8.5,95,100,3.27,CA,1669080628
531,dingle,10.9995,122.6711,29.22,75,64,4.28,PH,1669080628
532,kavieng,-2.5744,150.7967,29.66,69,49,4.57,PG,1669080629
533,luderitz,-26.6481,15.1594,16.3,79,0,3.43,NA,1669080629
534,gotsu,35.0,132.2167,16.55,63,100,3.84,JP,1669080630
535,corpus christi,27.8006,-97.3964,9.43,93,100,6.17,US,1669080600
536,suleja,9.1758,7.1808,22.55,36,86,2.09,NG,1669080631
537,valparaiso,-33.0393,-71.6273,14.8,77,0,3.6,CL,1669080633
538,kudahuvadhoo,2.6708,72.8944,27.08,77,52,5.83,MV,1669080634
539,staryy nadym,65.6118,72.6842,-27.29,94,20,6.65,RU,1669080634
540,irbil,36.1926,44.0106,16.93,27,100,1.52,IQ,1669080634
541,mimongo,-1.6195,11.6068,20.04,99,96,0.9,GA,1669080635
